<?xml version="1.0" encoding="UTF-8"?>
<project-private xmlns="http://www.netbeans.org/ns/project-private/1">
    <editor-bookmarks xmlns="http://www.netbeans.org/ns/editor-bookmarks/2" lastBookmarkId="0"/>
    <open-files xmlns="http://www.netbeans.org/ns/projectui-open-files/2">
        <group>
            <file>file:/C:/Users/wolly1477/Dropbox/HRO%20Jaar1/Periode3/Project/Bank/Bank/src/bank/SaldoOpvragen.java</file>
            <file>file:/C:/Users/wolly1477/Dropbox/HRO%20Jaar1/Periode3/Project/Bank/Bank/src/bank/Bank.java</file>
            <file>file:/C:/Users/wolly1477/Dropbox/HRO%20Jaar1/Periode3/Project/Bank/Bank/src/bank/Menu.java</file>
            <file>file:/C:/Users/wolly1477/Dropbox/HRO%20Jaar1/Periode3/Project/Bank/Bank/src/bank/SaldoOpnemen.java</file>
            <file>file:/C:/Users/wolly1477/Dropbox/HRO%20Jaar1/Periode3/Project/Bank/Bank/src/bank/Login.java</file>
            <file>file:/C:/Users/wolly1477/Dropbox/HRO%20Jaar1/Periode3/Project/Bank/Bank/src/bank/StartScreen.java</file>
            <file>file:/C:/Users/wolly1477/Dropbox/HRO%20Jaar1/Periode3/Project/Bank/Bank/src/bank/ScreenManager.java</file>
            <file>file:/C:/Users/wolly1477/Dropbox/HRO%20Jaar1/Periode3/Project/Bank/Bank/src/bank/Message.java</file>
            <file>file:/C:/Users/wolly1477/Dropbox/HRO%20Jaar1/Periode3/Project/Bank/Bank/src/bank/Screen.java</file>
        </group>
    </open-files>
</project-private>
